Cluster,TransactionAmount,AccountBalance
0,212.7469551934827,8928.773421588594
1,191.26787197231835,2158.0376903114184
2,849.0171122994653,4236.3154545454545
